word,docfreq
said,2264
had,1676
was,1503
eyes,1250
head,1091
face,1070
hand,1057
looked,1053
went,1002
came,958
took,940
knew,920
made,890
thought,872
turned,820
told,816
asked,815
hands,815
saw,789
felt,776
was-told,774
is,740
did,724
voice,722
have,708
mind,704
found,700
got,693
gave,689
was-asked,688
sat,686
father,685
left,685
heard,661
come,659
began,656
stood,648
heart,639
put,633
know,622
life,608
was-see,597
mother,578
spoke,574
lips,559
go,550
replied,548
returned,528
called,528
feet,528
see,524
has,523
arms,523
going,520
way,519
be,509
added,503
seen,501
was-tell,497
say,497
cried,496
do,493
seemed,492
hair,491
continued,485
been,478
held,478
walked,476
arm,475
wanted,471
name,464
smiled,460
friend,458
laughed,447
take,445
answered,444
mouth,443
gone,442
own,434
tried,429
let,428
kept,425
look,422
back,419
room,417
entered,417
stopped,408
shook,405
think,405
done,401
brought,397
started,393
side,389
taken,387
make,387
passed,382
exclaimed,379
was-left,379
get,376
were,375
friends,373
read,369
says,369
eye,367
opened,363
reached,362
moved,362
was-saw,361
was-replied,359
tell,357
loved,356
drew,355
received,351
was-cried,347
chair,347
was-seen,346
ran,343
rose,342
body,342
met,340
set,332
used,331
shoulder,331
words,329
fell,321
shoulders,321
house,321
followed,320
threw,318
whispered,317
appeared,316
raised,316
thoughts,315
lay,315
want,315
wished,314
lived,314
fingers,313
sent,313
able,313
watched,312
paused,309
looking,308
remembered,304
was-take,302
caught,301
lost,298
knees,293
was-took,292
home,289
nodded,287
listened,285
given,285
presence,284
give,282
sitting,281
manner,280
find,280
cheeks,279
love,279
was-met,278
place,278
was-brought,275
waited,275
leaned,274
return,273
was-followed,273
glanced,272
was-found,269
hear,268
's,267
standing,264
liked,263
hat,263
was-know,261
talked,261
answer,260
arrived,257
turn,257
help,257
neck,256
attention,256
learned,256
repeated,254
work,254
knows,252
led,252
was-called,252
time,252
stepped,251
pulled,250
leave,249
seat,248
speak,248
coming,248
feel,248
explained,248
companion,248
was-ask,246
was-exclaimed,245
known,245
was-put,244
like,244
breath,243
believed,240
finished,240
ear,240
feelings,240
understood,240
broke,240
meant,240
part,239
was-meet,238
bed,237
expected,236
forehead,236
wrote,235
hoped,235
family,234
legs,234
doing,233
dropped,233
understand,233
pocket,232
throat,231
showed,231
laid,231
ears,229
stared,228
hesitated,225
carried,224
was-led,224
sure,223
believe,222
cheek,222
teeth,221
noticed,220
tongue,219
sighed,218
wore,218
placed,218
closed,216
observed,215
nose,214
glad,213
picked,212
remarked,211
was-made,210
realised,210
???,209
refused,209
wondered,208
promised,208
child,208
was-gone,208
pointed,206
appearance,206
clothes,205
person,204
spent,204
was-had,204
recognised,203
coat,203
dress,202
was-knew,202
was-loved,201
wants,200
decided,200
remained,200
was-taken,198
smile,197
master,196
considered,196
dead,196
door,196
lifted,196
much,196
soul,196
breast,195
pushed,195
talking,194
agreed,194
murmured,193
was-watched,192
discovered,192
saying,191
was-find,191
position,189
declared,187
joined,187
managed,186
kissed,186
aware,186
right,184
paid,184
wish,183
offered,182
was-struck,182
features,182
care,182
needed,182
gazed,181
hurried,180
keep,180
pressed,179
was-kissed,179
happy,178
afraid,178
thinking,176
forgotten,176
grew,176
approached,175
call,174
horse,174
character,173
was-love,173
shouted,173
was-leave,173
age,173
spoken,172
was-known,172
played,171
foot,171
proceeded,171
slept,171
was-have,170
chin,169
insisted,168
touched,168
looks,168
ready,167
strength,167
was-got,167
comes,167
suggested,166
nature,165
was-surprised,165
finger,165
was-sent,164
thinks,164
changed,164
good,164
brain,164
figure,163
forgot,163
inquired,162
talk,162
sought,162
taking,162
arrival,162
worked,161
stand,161
remember,161
was-given,160
struck,160
bowed,159
tone,159
watch,158
handed,158
silent,158
trying,157
letter,157
suffered,157
accepted,157
visit,156
demanded,155
seized,155
having,155
years,155
was-married,155
written,155
waiting,154
uttered,154
does,154
bosom,154
power,154
cast,153
crossed,153
reply,153
was-get,153
intended,152
feared,152
getting,152
was-held,151
making,151
glass,151
rushed,150
lip,150
was-answered,150
slipped,149
ask,149
story,149
death,149
muttered,149
memory,149
was-bring,148
was-marry,147
was-added,146
was-telling,146
was-seeing,146
walk,146
died,146
lap,146
run,146
jumped,146
resumed,145
recovered,145
was-reminded,144
chest,144
companions,144
stay,144
parents,144
brow,144
married,144
enjoyed,143
was-caught,143
was-carried,142
absence,142
ordered,142
bought,142
was-let,142
day,141
shrugged,141
surprise,141
cut,141
was-done,141
sense,140
tears,140
feeling,140
was-heard,140
countenance,139
departure,139
need,139
expressed,138
was-watching,138
lover,138
bring,138
advanced,138
sit,137
admitted,137
sleep,136
interrupted,136
move,136
desire,136
concluded,136
pleased,135
allowed,135
imagined,135
was-continued,135
regarded,135
was-leaving,134
goes,134
waved,134
resolved,134
was-call,133
flung,132
determined,131
duty,131
seem,130
drove,130
failed,130
chose,130
stayed,130
opinion,130
more,129
stop,129
was-assured,129
possessed,129
case,129
office,128
perceived,127
was-help,127
sank,127
rode,127
live,127
company,126
expression,126
youth,125
mentioned,125
money,125
dared,125
gaze,124
hated,124
retired,124
beauty,124
sprang,124
drank,124
addressed,124
account,124
conduct,124
desk,123
succeeded,123
lying,123
pride,122
was-informed,122
interest,122
senses,121
try,121
children,121
hastened,121
was-born,120
cared,119
use,119
young,119
forget,119
assured,119
spirit,119
bear,119
reading,118
disappeared,118
mean,118
fallen,118
marriage,118
imagination,118
ate,117
was-hurt,117
days,117
shot,117
conscious,117
was-engaged,116
book,116
was-dressed,116
situation,116
reflected,116
smiling,115
walking,115
business,115
wishes,115
protested,115
was-pleased,115
was-seized,114
was-startled,114
helped,114
fate,114
was-determined,114
temper,114
escape,114
proposed,114
hold,114
sorry,114
shoes,113
kind,113
interested,113
old,113
breathed,113
settled,113
form,113
was-touched,112
gasped,112
shut,112
knee,112
blushed,112
shown,112
spirits,112
wait,112
hope,112
skin,112
knowledge,112
announced,112
unable,112
begun,111
purpose,111
word,111
uncle,111
apartment,111
anger,111
table,111
desired,110
was-liked,110
urged,110
was-kept,110
heels,110
was-seated,110
hung,110
show,109
stretched,109
happiness,108
suspected,108
health,108
was-send,108
fond,108
fears,108
question,108
round,108
ventured,108
attitude,107
men,107
blood,107
was-do,107
was-hear,107
prepared,107
first,106
struggled,106
surprised,106
was-drew,106
supposed,106
was-invited,106
was-recognised,106
was-follow,105
won,105
fortune,105
die,105
wearing,105
awoke,105
experience,105
anxious,105
intention,105
hopes,105
waist,105
begged,104
burst,104
chamber,104
window,104
likes,104
efforts,103
confessed,103
best,103
listen,103
expect,103
guessed,103
was-inquired,103
leapt,103
will,103
recalled,103
steps,102
speaking,102
swung,102
marry,102
responded,102
was-thought,102
climbed,102
elbow,101
cousin,101
gets,101
reach,101
poured,101
was-save,101
withdrew,101
invited,100
knelt,100
shuddered,100
handkerchief,100
condition,100
acted,100
busy,100
was-keep,100
was-lost,100
gathered,100
pockets,100
share,99
pay,99
presented,99
promise,99
was-set,99
was-taking,98
meet,98
living,98
was-passed,98
was-addressed,98
was-gave,98
laughing,98
was-greeted,98
grown,98
bore,98
fall,98
frame,97
was-regarded,97
angry,97
studied,97
assumed,97
fist,97
leg,97
was-placed,97
thrust,97
glance,97
was-approached,96
eyebrows,96
obtained,96
working,96
missed,96
informed,95
longed,95
fancied,95
affairs,95
fear,95
was-used,95
arose,94
was-turned,94
was-like,94
thanked,94
was-allowed,94
was-prepared,94
mounted,93
filled,93
escaped,93
sake,93
removed,93
grasp,93
was-forced,93
conversation,93
plans,92
fixed,92
loves,92
tired,92
was-whispered,92
proud,92
was-joined,92
willing,92
holding,92
visited,92
bedroom,91
descended,91
anxiety,91
knocked,91
lowered,91
stomach,91
delighted,91
present,91
speech,91
takes,91
close,91
experienced,91
treated,90
avoided,90
aunt,90
are,90
pass,90
wiped,90
cap,90
pleaded,90
guest,89
grinned,89
free,89
breathing,89
seems,89
courage,89
sight,88
makes,88
was-stopped,88
was-treated,88
was-give,88
play,88
gained,88
was-urged,88
course,88
was-reached,88
dressed,88
fought,88
was-concerned,88
woke,88
people,88
beginning,88
acquaintance,88
snapped,88
bit,88
command,88
attempted,87
was-obliged,87
folded,87
journey,87
grief,87
object,86
was-asking,86
seated,86
certain,86
was-accompany,86
checked,86
was-moved,86
arranged,86
enemy,86
rolled,86
boots,86
step,86
drink,85
tore,85
admired,85
was-accompanied,85
request,85
described,85
watching,85
silence,85
examined,84
state,84
write,84
listening,84
favour,84
learn,84
send,84
view,84
was-thanked,84
ceased,84
was-introduced,84
bade,84
crying,84
covered,84
was-showed,84
offer,83
was-returned,83
wandered,83
appear,83
suit,83
pipe,83
clung,83
passion,83
forced,83
rejoined,82
saved,82
thrown,82
playing,82
was-interrupted,82
was-pushed,82
tells,82
imagine,82
wrist,82
dreams,82
favourite,82
pleasure,82
career,82
change,82
was-demanded,81
curiosity,81
was-wanted,81
sang,81
hit,81
was-convinced,81
means,81
was-kill,81
obeyed,81
snatched,81
affection,81
preferred,81
conscience,81
confidence,80
pale,80
trembled,80
trust,80
happened,80
chance,80
was-pulled,80
leaning,80
was-helped,80
dreamed,80
reminded,80
success,80
grasped,79
stooped,79
strode,79
better,79
chosen,79
was-received,79
letters,79
alive,79
self,79
produced,79
visits,79
emerged,79
giving,79
endeavoured,78
weight,78
introduced,78
cry,78
was-killed,78
resolution,78
crept,78
tossed,78
lose,78
likely,77
half,77
visitor,77
flesh,77
was-filled,77
catch,77
duties,77
was-lifted,77
ideas,77
departed,77
was-puzzled,77
idea,76
screamed,76
shirt,76
wept,76
faced,76
rubbed,76
swallowed,76
declined,75
taste,75
greeted,75
running,75
plan,75
was-relieved,75
party,75
was-satisfied,75
was-persuade,74
guests,74
existence,74
staggered,74
pretended,74
vision,74
noted,74
country,74
books,74
act,74
was-cut,74
was-roused,74
was-expected,74
acquired,74
beheld,74
approach,74
notice,74
carry,73
lives,73
enter,73
purse,73
careful,73
bag,73
rest,73
eat,73
movements,73
car,73
joy,73
remain,73
was-compelled,72
one,72
was-did,72
address,72
behaviour,72
touch,72
beautiful,72
stumbled,72
start,72
complained,72
fault,72
limbs,72
lie,72
straightened,71
mood,71
charge,71
was-hit,71
realise,71
yielded,71
was-bound,71
fellow,71
sort,70
searched,70
was-tired,70
beat,70
was-carry,70
telling,70
seeing,70
calls,70
proved,70
influence,70
sees,70
entertained,70
follow,70
powers,70
was-make,70
was-amused,70
manners,70
job,70
was-saved,70
doubted,69
there,69
was-remarked,69
belonged,69
accompanied,69
spread,69
break,69
cigarette,69
frowned,69
danced,69
nerves,69
advice,69
writing,69
stirred,69
staring,69
servant,69
judgement,68
dreaded,68
childhood,68
clasped,68
was-ordered,68
flew,68
breasts,68
was-warned,68
was-said,68
allow,68
task,68
sick,68
year,67
persisted,67
sobbed,67
something,67
peered,67
was-felt,67
leaving,67
residence,67
control,67
property,67
formed,67
was-affected,67
fled,67
point,67
engaged,67
was-astonished,67
taught,67
consented,67
maid,67
dare,67
killed,67
putting,66
was-summoned,66
born,66
plunged,66
moving,66
patted,66
remark,66
travelled,66
dream,66
neighbour,66
lit,66
counted,66
brows,66
was-shook,65
was-surrounded,65
was-observed,65
decision,65
mused,65
hurt,65
was-dragged,65
orders,65
conceived,65
was-prevented,65
secret,65
begin,65
flushed,64
study,64
afford,64
warned,64
astonishment,64
groaned,64
excitement,64
owed,64
was-rejoined,64
brushed,64
receive,64
applied,63
stole,63
laugh,63
recognise,63
delight,63
emotion,63
was-drove,63
history,63
ashamed,63
partner,63
fool,63
dismissed,63
was-persuaded,63
class,63
attempt,63
was-shouted,63
was-troubled,63
was-acquainted,63
relations,63
shared,63
jacket,63
was-shocked,63
choice,63
was-come,62
grandfather,62
was-join,62
was-accustomed,62
anticipated,62
manage,62
sword,62
reason,62
needs,62
chuckled,62
dashed,62
relaxed,62
host,62
assistance,62
continue,62
directed,62
belt,62
commanded,61
satisfaction,61
full,61
was-understood,61
tapped,61
was-thank,61
light,61
shivered,61
eyelids,61
direction,61
released,61
determination,60
turning,60
jaw,60
was-please,60
gown,60
was-holding,60
dragged,60
occupied,60
box,60
breakfast,60
was-visit,60
rested,60
ride,60
path,60
was-taught,60
satisfied,60
admiration,60
mention,60
lungs,60
advised,60
argued,60
possession,60
was-looked,60
was-trust,59
asking,59
things,59
was-hold,59
questions,59
strolled,59
was-frightened,59
accept,59
regretted,59
illness,59
was-begged,59
cause,59
was-was,59
resist,59
emotions,59
consent,59
fancy,59
ignored,59
explain,59
encountered,59
rang,58
wrong,58
grateful,58
open,58
objected,58
views,58
join,58
ended,58
planned,58
world,58
sex,58
sleeve,58
persuaded,58
was-addressing,58
summoned,58
wound,58
disliked,58
disappointment,58
stammered,58
cleared,58
thumb,58
lingered,58
was-stop,57
suppose,57
nostrils,57
darted,57
halted,57
mad,57
was-advised,57
intentions,57
selected,57
doubt,57
guard,57
distress,57
last,57
eyed,57
pronounced,57
services,57
was-disturbed,57
station,56
owned,56
washed,56
victim,56
was-murmured,56
fail,56
requested,56
was-forgotten,56
interview,56
carrying,56
forgive,56
pace,56
beard,56
stick,56
disposition,56
knife,56
was-prevent,56
friendship,56
suffer,56
shrank,56
sensed,56
remarks,56
was-faced,56
was-want,56
progress,56
becoming,55
society,55
pen,55
confided,55
habit,55
was-sat,55
choose,55
content,55
was-supposed,55
yelled,55
sold,55
gun,55
grave,55
suffering,55
sleeping,55
enjoy,55
safe,55
locked,55
served,55
birth,55
was-laughed,55
swept,55
wont,55
hours,54
rise,54
was-overwhelmed,54
grabbed,54
papers,54
birthday,54
honour,54
stated,54
strove,54
acknowledged,54
regard,54
commenced,54
little,54
attended,54
was-remembered,54
was-pressed,54
troubles,54
was-conducted,54
wonder,54
parted,54
palm,54
calm,54
carriage,54
was-raised,54
was-excited,53
paced,53
laughter,53
was-admitted,53
veins,53
picture,53
staying,53
was-possessed,53
pursued,53
sounded,53
cloak,53
pillow,53
retained,53
speaks,53
throw,53
hips,53
s,53
committed,53
majesty,53
was-paid,53
lot,53
nephew,53
was-thrown,53
judged,53
referred,53
entrance,53
driving,53
was-lead,53
kicked,53
elbows,53
night,53
cup,53
was-eyed,52
relief,52
was-catch,52
end,52
slid,52
capable,52
raise,52
was-awakened,52
was-presented,52
hour,52
complexion,52
swore,52
brothers,52
abandoned,52
feels,52
please,52
commented,52
thighs,52
displayed,52
was-tempted,52
agitation,52
future,52
gives,52
prayed,52
related,52
assented,52
was-shown,52
kill,51
enemies,51
humour,51
quitted,51
temples,51
was-echoed,51
drawn,51
daughters,51
maintained,51
was-drive,51
was-disappointed,51
was-worried,51
faith,51
seek,51
reputation,51
weakness,51
embraced,51
quarters,51
was-inform,51
contemplated,51
safety,51
hungry,51
collar,51
footsteps,50
was-inclined,50
retorted,50
gripped,50
trusted,50
weak,50
wear,50
broken,50
drive,50
impulse,50
was-alarmed,50
was-driven,50
peace,50
glasses,50
was-resolved,50
worn,50
appetite,50
colour,50
wake,50
dinner,50
welcomed,50
quick,50
stuck,50
named,49
bent,49
blew,49
aid,49
suspicions,49
land,49
education,49
exchanged,49
risen,49
refuse,49
drinking,49
rage,49
was-assist,49
recollected,49
was-show,49
was-forgive,49
plate,49
coffee,49
was-hated,49
was-offered,49
riding,49
permitted,49
tied,49
stroked,49
was-stood,48
was-recognise,48
up,48
indulged,48
was-forget,48
was-directed,48
caused,48
was-reach,48
rising,48
was-drawn,48
guess,48
endure,48
belly,48
motioned,48
bedside,48
squeezed,48
was-considered,48
winced,48
shifted,48
glared,48
mistaken,48
consider,48
mission,48
fists,48
consciousness,48
message,48
lead,48
roused,47
calling,47
eaten,47
employer,47
statement,47
servants,47
questioned,47
buried,47
concealed,47
gratitude,47
niece,47
was-visited,47
was-blame,47
was-noticed,47
concern,47
nails,47
service,47
post,47
was-induced,46
air,46
was-understand,46
draw,46
fight,46
understanding,46
jerked,46
was-questioned,46
was-annoyed,46
admit,46
ascended,46
wondering,46
was-served,46
actions,46
save,46
hid,46
clapped,46
apologised,46
enjoying,46
example,46
down,46
opponent,46
ease,46
shadow,46
affections,46
skill,46
was-released,46
resisted,46
indicated,46
fired,46
sorrow,45
spend,45
echoed,45
suggestion,45
note,45
trembling,45
was-betrayed,45
was-threw,45
sisters,45
was-laid,45
keeping,45
backed,45
reverie,45
deny,45
blinked,45
intend,45
flight,45
different,45
built,45
lighted,45
skirt,45
was-receive,45
driven,45
buy,45
trouble,45
was-amazed,44
force,44
was-greet,44
was-is,44
wits,44
required,44
was-calling,44
sides,44
dying,44
mumbled,44
thigh,44
strong,44
worth,44
keeps,44
habits,44
grandmother,44
endured,44
finds,44
preparing,44
neighbours,44
meeting,44
heel,44
tall,44
was-watch,44
support,44
signed,44
was-fascinated,44
was-comfort,44
morning,44
betrayed,44
secured,44
was-changed,44
witnessed,43
claim,43
inherited,43
sipped,43
was-handed,43
delivered,43
ignorance,43
authority,43
grunted,43
accomplished,43
patient,43
nothing,43
baby,43
lied,43
whip,43
growled,43
ambition,43
enthusiasm,43
employed,43
cursed,43
slapped,43
surveyed,43
landed,43
misery,43
drunk,43
line,43
reported,43
passing,43
confusion,43
apron,43
boat,43
switched,43
hesitate,43
ground,43
resented,43
pondered,43
enough,43
twisted,43
spectacles,43
worried,43
was-embraced,43
demeanour,43
vanished,42
moaned,42
weeping,42
reflections,42
stands,42
was-regarding,42
image,42
cigar,42
was-muttered,42
parent,42
was-look,42
smoked,42
sympathy,42
acquaintances,42
interposed,42
was-deceived,42
guilty,42
was-mean,42
comrades,42
was-protect,42
language,42
being,42
dignity,42
devotion,42
pain,42
meaning,42
clutched,42
pants,41
sunk,41
nervous,41
was-permitted,41
refusal,41
reasoned,41
distinguish,41
errand,41
trousers,41
consulted,41
clothing,41
growing,41
behalf,41
order,41
gloves,41
deserved,41
paper,41
fit,41
decide,41
marked,41
loss,41
indifference,41
frightened,41
win,41
beckoned,41
pull,41
gotten,41
tea,41
surroundings,41
was-supported,41
was-failed,41
tasted,40
regained,40
smelled,40
retreated,40
was-pursued,40
triumph,40
train,40
was-impressed,40
subject,40
was-picked,40
opportunity,40
was-promised,40
effort,40
indignation,40
garden,40
was-touch,40
prove,40
arrive,40
was-saluted,40
swear,40
was-kissing,40
ai,40
shaking,40
grip,40
ignorant,40
doubts,40
was-answer,40
was-remember,40
shrieked,40
purchased,40
was-notice,40
art,40
overheard,40
was-attracted,40
hide,39
kindness,39
was-been,39
was-assisted,39
regret,39
hearing,39
discover,39
inquiries,39
secretary,39
was-agitated,39
smiles,39
groped,39
denied,39
collected,39
muscles,39
was-treat,39
established,39
'll,39
hostess,39
conviction,39
was-ushered,39
recall,39
was-warn,39
wrapped,39
balance,39
lacked,39
was-knocked,39
associates,39
couch,39
pulse,39
jealous,39
meal,39
search,39
sons,39
adopted,39
tail,39
asks,39
thanks,39
despised,39
nurse,39
accustomed,38
report,38
slammed,38
wheeled,38
hard,38
tale,38
speed,38
ability,38
was-meeting,38
was-covered,38
incapable,38
was-bringing,38
impressed,38
returning,38
detected,38
extended,38
patience,38
was-confused,38
anything,38
was-retorted,38
threatened,38
moment,38
dined,38
cottage,38
faculties,38
grow,38
was-sought,38
replaced,38
engagement,38
was-shot,38
works,38
quiet,38
was-facing,38
was-occupied,38
awaited,38
was-accused,38
cabin,38
impression,37
away,37
robe,37
recovery,37
was-escaped,37
action,37
followers,37
custom,37
ring,37
firm,37
awakened,37
lord,37
studies,37
garments,37
flashed,37
affected,37
abode,37
narrative,37
hinted,37
genius,37
spare,37
instructions,37
sits,37
personality,37
composure,37
packed,37
rival,37
faltered,37
was-reassured,37
was-wounded,37
toes,37
was-arrested,37
was-bored,37
permit,37
preparations,37
pistol,37
encouraged,37
attentions,37
eagerness,37
was-stirred,37
recover,37
vanity,37
belief,36
'm,36
was-offended,36
fainted,36
innocent,36
marched,36
performed,36
guide,36
completed,36
defence,36
circumstances,36
ill,36
embrace,36
was-say,36
innocence,36
was-aroused,36
sniffed,36
ways,36
was-remind,36
was-ignored,36
stranger,36
was-read,36
panted,36
prospects,36
bones,36
was-instructed,36
retreat,36
destiny,36
refrain,36
gazing,36
about,36
avoid,36
was-welcomed,36
tones,36
approaching,36
roared,36
intelligence,36
tucked,36
suspect,36
comfort,35
approved,35
bearing,35
scrambled,35
claimed,35
reception,35
sentence,35
behaved,35
learning,35
deceived,35
was-having,35
past,35
earned,35
drop,35
was-attached,35
undertook,35
grace,35
bonnet,35
was-provided,35
familiar,35
cold,35
resentment,35
perceive,35
recoiled,35
was-bore,35
corner,35
quit,35
bow,35
unconscious,35
now,35
was-helping,35
crawled,35
was-face,35
fumbled,35
provided,35
uneasiness,35
terror,35
confession,35
shake,35
kneeling,35
luck,35
wrists,35
was-terrified,35
was-fixed,34
ribs,34
scanned,34
sleeves,34
was-seek,34
profession,34
horses,34
talks,34
impatience,34
discovery,34
fly,34
was-convince,34
agony,34
absent,34
convinced,34
eager,34
was-concerning,34
cross,34
lent,34
walks,34
disposed,34
was-dismissed,34
was-destined,34
again,34
indifferent,34
was-reminding,34
spat,34
credit,34
was-awaited,34
amazement,34
assisted,34
tie,34
was-run,34
express,34
judge,34
succeed,34
embarrassment,34
alarm,34
blouse,34
deemed,34
reckoned,34
was-leading,33
rank,33
was-need,33
acting,33
was-exhausted,33
was-repeated,33
observe,33
reappeared,33
was-turn,33
ship,33
interests,33
serious,33
was-suspected,33
was-finding,33
was-awaiting,33
moments,33
waistcoat,33
chief,33
unhappy,33
attend,33
was-enabled,33
ankles,33
embarrassed,33
rifle,33
choked,33
stock,33
conducted,33
bestowed,33
hugged,33
dismounted,33
was-has,33
was-perceived,33
was-support,33
prayers,33
resigned,33
opinions,33
was-believe,33
rooms,33
submitted,33
uneasy,33
dancing,33
was-wrapped,33
fed,33
wrath,33
agent,33
lack,33
spine,33
instinct,33
energy,33
older,33
answers,33
puts,33
discussed,33
song,33
hate,32
was-congratulated,32
sailed,32
agree,32
supported,32
rejoiced,32
was-patted,32
was-beat,32
reasons,32
breathe,32
impatient,32
instructed,32
dance,32
entering,32
kiss,32
counsel,32
scratched,32
was-shoot,32
shoved,32
expecting,32
leading,32
seeking,32
pause,32
vowed,32
was-encouraged,32
prisoner,32
was-deserted,32
fire,32
was-charged,32
creature,32
hero,32
proposal,32
cell,32
protection,32
advantage,32
was-needed,32
was-absorbed,32
was-gasped,32
losing,32
clenched,32
tent,32
was-miss,32
was-inspired,32
strained,32
invitation,32
member,32
'd,32
gift,32
prefer,32
crouched,32
figured,32
attachment,32
was-sending,32
inclined,32
wealth,32
appreciated,32
sound,32
disappointed,32
clever,32
that,32
identity,32
was-regard,32
uniform,32
was-drawing,31
accompany,31
brains,31
throwing,31
sufferings,31
news,31
marvelled,31
was-hurried,31
lodgings,31
slip,31
envied,31
hotel,31
evening,31
leaves,31
was-caused,31
food,31
temple,31
dog,31
adventures,31
bid,31
was-finished,31
busied,31
turns,31
furious,31
army,31
saluted,31
attire,31
was-swept,31
was-carrying,31
income,31
dried,31
planted,31
was-motioned,31
crazy,31
shed,31
rich,31
thing,31
was-involved,31
overcoat,31
was-admired,31
occupation,31
attack,31
ejaculated,31
responsible,31
handle,31
eating,31
deal,31
guilt,31
talents,31
possess,31
antagonist,31
pictured,31
using,31
knowing,31
bill,30
card,30
observation,30
sentiments,30
trip,30
was-suited,30
adventure,30
stories,30
calculated,30
wanting,30
was-draw,30
sprung,30
wit,30
telephoned,30
drifted,30
proceed,30
hurry,30
sped,30
attendant,30
moustache,30
was-shaken,30
was-deprived,30
forefinger,30
dwelled,30
was-hugged,30
amused,30
excited,30
winked,30
finish,30
miss,30
stripped,30
farm,30
crushed,30
was-restored,30
visitors,30
whistled,30
laboured,30
angel,30
was-confronted,30
was-suffered,30
was-desired,30
restrain,30
attempts,30
was-haunted,30
drawing,30
acquainted,30
band,30
palms,30
pitied,30
obtain,30
trunk,30
notes,30
resembled,30
appeal,30
patron,30
cares,30
commands,30
blamed,30
swam,30
motives,30
relieved,30
represented,30
style,30
was-escorted,29
lain,29
was-beheld,29
was-marrying,29
was-overcome,29
bread,29
handled,29
collapsed,29
welcome,29
argument,29
handsome,29
created,29
curious,29
chanced,29
intent,29
hearers,29
whole,29
headed,29
was-buried,29
startled,29
was-removed,29
despair,29
was-began,29
professed,29
appointment,29
worry,29
cool,29
was-preferred,29
was-pick,29
was-ejaculated,29
grumbled,29
was-guided,29
appealed,29
lawyer,29
was-disgusted,29
height,29
widow,29
game,29
unwilling,29
reaction,29
saddle,29
was-hate,29
climb,29
was-keeping,29
freedom,29
motive,29
relatives,29
was-introduce,29
was-assure,29
tugged,29
memories,29
giggled,29
communicated,28
dislike,28
pardon,28
surrendered,28
was-believed,28
was-lose,28
strike,28
was-pulling,28
braced,28
was-studied,28
whipped,28
ridden,28
was-accepted,28
theory,28
whisper,28
volunteered,28
was-getting,28
plucked,28
connexion,28
yield,28
expectations,28
late,28
practised,28
yawned,28
was-invite,28
training,28
pencil,28
brother-in-law,28
was-wished,28
folly,28
lessons,28
was-embarrassed,28
persuade,28
successful,28
fame,28
revenge,28
was-walked,28
fortunes,28
borrowed,28
sauntered,28
staff,28
wisdom,28
experiences,28
horror,28
explanation,28
struggling,28
re,28
was-'m,28
pointing,28
hates,28
following,28
was-named,28
heir,28
practice,28
assurance,28
resources,28
response,28
was-fit,28
hears,28
officer,28
exhibited,28
hissed,28
reserve,28
was-surprise,28
helping,28
knuckles,28
composed,28
conceal,28
inquiry,28
mate,28
handwriting,28
comfortable,28
was-depressed,28
conveyed,27
was-responded,27
adjusted,27
was-round,27
possessions,27
type,27
faults,27
moods,27
spun,27
dipped,27
was-missed,27
sensible,27
same,27
heaved,27
excused,27
suspicion,27
was-growled,27
charged,27
coloured,27
crew,27
add,27
finding,27
unlocked,27
boys,27
spared,27
reproached,27
fastened,27
accused,27
energies,27
fellows,27
laughs,27
was-recalled,27
alluded,27
was-bewildered,27
sing,27
praise,27
hanging,27
bringing,27
was-horrified,27
conversed,27
squatted,27
aim,27
supper,27
capacity,27
preserved,27
lift,27
was-discovered,27
achieved,27
thank,27
revealed,27
problem,27
hatred,27
blushing,27
grandson,27
superiority,27
count,27
audience,27
comment,27
snorted,27
scalp,27
was-shut,27
weapon,27
costume,27
apartments,27
was-loves,27
was-go,27
accent,27
conceive,27
bound,27
overcome,26
lunch,26
was-blinded,26
teacher,26
was-explained,26
brave,26
footing,26
belongings,26
astonished,26
was-detained,26
quoted,26
was-approaching,26
teach,26
was-mentioned,26
slowed,26
was-written,26
poor,26
hummed,26
prepare,26
temperament,26
was-hailed,26
blame,26
resolve,26
reeled,26
fine,26
qualities,26
forces,26
utterance,26
brush,26
planning,26
passage,26
fill,26
captain,26
was-woke,26
number,26
adversary,26
guardian,26
corrected,26
approval,26
was-beaten,26
excuse,26
blurted,26
shame,26
was-bothered,26
was-clasped,26
burden,26
respect,26
salary,26
believes,26
was-upset,26
was-threatened,26
steed,26
become,26
match,26
reassured,26
dreaming,26
annoyance,26
recollection,26
rejected,26
hurled,26
was-serve,26
dodged,26
was-worry,26
dealt,26
was-comforted,26
was-entertained,26
was-fetch,26
was-urging,26
was-restrained,26
coughed,26
assistant,26
toilet,26
lies,26
was-strike,26
true,26
repeat,26
mine,26
induced,25
was-reduced,25
affair,25
was-oppressed,25
was-question,25
fighting,25
whirled,25
wounds,25
hauled,25
was-resumed,25
exertions,25
sobbing,25
wine,25
attendants,25
meditations,25
bunk,25
was-robbed,25
loneliness,25
deserves,25
doctor,25
charms,25
was-denied,25
licked,25
mirror,25
expressions,25
alighted,25
slave,25
pursue,25
poked,25
annoyed,25
labours,25
gestured,25
developed,25
pupil,25
was-disposed,25
household,25
camp,25
encounter,25
restless,25
trial,25
superior,25
race,25
was-went,25
misfortunes,25
tracks,25
stockings,25
failure,25
fain,25
establishment,25
release,25
comrade,25
demand,25
recommended,25
attributed,25
discourse,25
ducked,25
talent,25
bending,25
was-am,25
was-cost,25
wise,25
attacked,25
was-relieve,25
asserted,25
was-restore,25
emptied,25
attained,25
estate,25
size,25
description,25
veil,25
was-teased,25
contempt,25
apprehensions,25
respected,25
was-announced,25
benefit,25
eased,25
generosity,25
raising,25
was-attended,24
was-eying,24
meditated,24
stamped,24
was-encountered,24
parked,24
confess,24
divined,24
neglected,24
was-assailed,24
was-clapped,24
was-dragging,24
dived,24
dressing-room,24
sobs,24
comprehended,24
title,24
contributed,24
cherished,24
offended,24
was-separated,24
ancestors,24
intellect,24
-rrb-,24
court,24
controlled,24
danger,24
was-dropped,24
tightened,24
dwelling,24
inability,24
disappearance,24
bother,24
displeasure,24
upset,24
was-teach,24
movement,24
was-meant,24
sell,24
church,24
jealousy,24
wears,24
piece,24
was-touching,24
wasted,24
fury,24
blind,24
bounded,24
cooked,24
singing,24
was-disturb,24
was-throw,24
destination,24
hired,24
slow,24
forearm,24
was-exposed,24
was-grabbed,24
lonely,24
smell,24
pick,24
was-welcome,24
rendered,24
system,24
smoking,24
supplied,24
dismay,24
information,24
surmised,24
was-pay,24
was-cursed,24
dug,24
was-win,23
roof,23
armour,23
circle,23
weighed,23
was-console,23
was-committed,23
was-befallen,23
method,23
was-requested,23
leisure,23
was-mistaken,23
lamp,23
rescued,23
truth,23
procured,23
pulling,23
ruin,23
stare,23
farewell,23
was-thrilled,23
was-confined,23
jaws,23
flipped,23
shaved,23
acts,23
prey,23
endeavour,23
was-adored,23
role,23
troubled,23
was-conveyed,23
store,23
miserable,23
armchair,23
was-satisfy,23
design,23
mansion,23
distinguished,23
was-escape,23
testimony,23
sympathised,23
neared,23
luggage,23
greeting,23
bell,23
victory,23
venture,23
liking,23
sucked,23
well,23
confident,23
lucky,23
issued,23
was-move,23
esteem,23
was-smote,23
around,23
clerk,23
retire,23
drained,23
attached,23
was-soothed,23
suppressed,22
tastes,22
pretend,22
debts,22
smoothed,22
rescue,22
bad,22
undressed,22
highness,22
expense,22
was-plunged,22
traced,22
fork,22
profile,22
estimation,22
was-address,22
principles,22
promises,22
cards,22
lovely,22
trade,22
was-spared,22
accord,22
was-vexed,22
quarrelled,22
glided,22
hip,22
was-release,22
acceptance,22
devoted,22
was-push,22
directions,22
pocketbook,22
peeped,22
misfortune,22
worthy,22
assume,22
was-interrupting,22
was-bless,22
english,22
measured,22
stormed,22
honest,22
studying,22
mark,22
was-distracted,22
outburst,22
loathed,22
fast,22
assist,22
was-scared,22
desirous,22
continues,22
tear,22
club,22
painted,22
attendance,22
longing,22
king,22
appears,22
sung,22
was-respected,22
was-attacked,22
defended,22
was-preoccupied,22
concentrated,22
depart,22
vengeance,22
exerted,22
inclination,22
dressing,22
mount,22
clear,22
leap,22
struggle,22
was-assigned,22
desires,22
unaware,22
transferred,22
starting,22
cries,22
foresaw,22
was-grasped,22
was-defend,22
cook,22
was-detain,22
spied,22
grinning,22
shivering,22
stunned,22
cleaned,22
crime,22
inspected,22
begins,22
trod,22
town,22
stride,22
boss,22
wallet,22
was-stammered,22
letting,22
equal,21
sad,21
drinks,21
press,21
paying,21
require,21
knock,21
due,21
trudged,21
was-chosen,21
swayed,21
was-blessed,21
runs,21
brooded,21
conceded,21
astounded,21
averted,21
disgust,21
helmet,21
was-assuring,21
pyjamas,21
hailed,21
was-try,21
treasure,21
considering,21
gesture,21
was-waved,21
chewed,21
was-overcame,21
hang,21
rights,21
bathed,21
gulped,21
edged,21
was-accosted,21
flattered,21
was-gripped,21
was-cast,21
beating,21
receiving,21
facing,21
was-thrust,21
was-going,21
short,21
welfare,21
approve,21
nervousness,21
cautioned,21
dispatched,21
slippers,21
sworn,21
pursed,21
travels,21
relation,21
brightened,21
chances,21
tottered,21
travel,21
was-stuck,21
buttocks,21
wedding,21
was-reassure,21
returns,21
pounded,21
was-tells,21
was-appalled,21
altered,21
tended,21
was-think,21
renewed,21
consoled,21
was-consult,21
shop,21
scream,21
was-chilled,21
generous,21
over,21
was-following,21
undertaken,21
basket,21
holds,21
philosophy,21
kinsman,21
was-respecting,21
challenged,21
flat,21
congratulated,21
skull,21
sink,21
arguments,21
beer,21
all,21
pitched,21
tumbled,21
scowled,21
was-trusted,21
was-guide,21
was-wake,21
was-shaking,21
was-wish,21
clambered,21
was-flung,21
fished,21
funeral,21
inspired,21
shy,21
hurrying,21
launched,21
comprehend,21
difficulties,21
violence,21
appreciate,21
problems,21
torn,21
was-lay,21
was-drag,21
simplicity,21
was-flattered,20
parlour,20
hoping,20
puzzled,20
shoe,20
exposed,20
was-afforded,20
passions,20
beamed,20
was-confounded,20
observations,20
awaiting,20
check,20
everything,20
beaten,20
was-avoided,20
tonight,20
sentences,20
warning,20
high,20
project,20
dealing,20
was-won,20
hiding,20
galloped,20
was-thanking,20
thoughtful,20
hidden,20
level,20
great,20
was-stung,20
weary,20
was-checked,20
months,20
squinted,20
retraced,20
once,20
shaken,20
was-doing,20
settle,20
was-informing,20
nice,20
prayer,20
treat,20
respond,20
drawled,20
foe,20
disengaged,20
rolling,20
revolver,20
sensations,20
was-implored,20
scheme,20
was-slapped,20
was-disliked,20
was-complimented,20
falling,20
was-talked,20
hospitality,20
abilities,20
fingertips,20
executed,20
was-pushing,20
replies,20
god,20
frock,20
was-entreated,20
was-looking,20
was-frighten,20
bellowed,20
dine,20
liberty,20
showing,20
curled,20
pray,20
spotted,20
list,20
colleagues,20
delayed,20
associated,20
wailed,20
was-bear,20
reflection,20
risk,20
examining,20
lodging,20
complied,20
dozed,20
was-congratulate,20
freed,20
argue,20
was-overtook,20
pack,20
bottle,20
fashion,20
wrenched,20
was-distinguished,20
times,20
entreated,20
wounded,20
was-encourage,20
restrained,20
uncertain,20
protest,20
son-in-law,20
prevent,20
minded,20
stuffed,20
machine,20
cane,20
alarmed,20
performance,20
throne,20
thankful,20
understands,20
hps,20
searching,20
jump,20
polite,20
undid,20
moves,20
bumped,19
was-relaxed,19
detect,19
survive,19
was-pull,19
peeled,19
was-spoke,19
cease,19
friendly,19
muster,19
aspect,19
yearned,19
manifested,19
teased,19
loyalty,19
striving,19
landlady,19
prison,19
pledged,19
implored,19
struggles,19
ward,19
discomfort,19
suitcase,19
detested,19
voyage,19
viewed,19
wings,19
was-described,19
hunted,19
rocked,19
stalked,19
ambitions,19
tripped,19
music,19
was-dreamed,19
estimate,19
forgave,19
sympathies,19
conquered,19
entry,19
ass,19
was-learned,19
invented,19
claims,19
faint,19
so,19
was-bother,19
school,19
skirts,19
meals,19
proceedings,19
was-giving,19
deposited,19
risked,19
was-forgot,19
was-overtaken,19
am,19
arrest,19
treatment,19
outside,19
sister-in-law,19
pregnant,19
library,19
was-obeyed,19
relapsed,19
gay,19
sorrows,19
insist,19
was-captured,19
apt,19
writes,19
was-murdered,19
addressing,19
religion,19
arrested,19
hunger,19
escort,19
signalled,19
appreciation,19
unfolded,19
was-stayed,19
pleases,19
puffed,19
gaiety,19
was-lived,19
was-awoke,19
was-fitted,19
beloved,19
fix,19
purchase,19
ushered,19
was-recovered,19
compelled,19
bustled,19
worship,19
refrained,19
candle,19
remembers,19
was-locked,19
was-favoured,19
on,19
scrutiny,19
secure,19
was-forgiven,19
propose,19
defeat,19
slumped,19
reveal,19
was-roared,19
was-dispatched,19
inclinations,19
impressions,19
reviewed,19
intimacy,18
bright,18
was-enveloped,18
cheerful,18
castle,18
repented,18
shout,18
mixed,18
traversed,18
stolen,18
correct,18
was-angered,18
stupid,18
was-accompanying,18
was-stretched,18
proffered,18
admirer,18
entertain,18
chagrin,18
physician,18
was-aid,18
nights,18
was-mind,18
clasp,18
heavy,18
was-write,18
aimed,18
long,18
manager,18
travelling,18
was-blamed,18
sign,18
complain,18
courtesy,18
bidding,18
termed,18
was-sighed,18
aroused,18
wandering,18
disguise,18
was-rendered,18
bounty,18
intercourse,18
remembering,18
was-place,18
sacrifice,18
amusement,18
helpless,18
week,18
visage,18
was-decided,18
darling,18
grimaced,18
subjects,18
was-shake,18
reclined,18
ing,18
was-beckoned,18
sober,18
contain,18
was-tied,18
was-putting,18
prejudices,18
communicate,18
increased,18
lurched,18
was-accuse,18
accounts,18
younger,18
valued,18
fortunate,18
cot,18
was-examined,18
was-preceded,18
ascribed,18
signature,18
haste,18
confinement,18
was-commanded,18
was-expect,18
was-observing,18
fingernails,18
savings,18
worse,18
readiness,18
caresses,18
was-shoved,18
was-queried,18
calmed,18
bend,18
divided,18
flicked,18
guided,18
assailant,18
was-admire,18
foolish,18
was-fed,18
caution,18
mistake,18
discharged,18
boot,18
matter,18
was-crushed,18
nightgown,18
toe,18
mask,18
conclusions,18
laying,18
purposes,18
floated,18
lets,18
wrung,18
tutor,18
witness,18
identified,18
irritated,18
relationship,18
disposal,18
copied,18
was-persisted,18
adored,18
trotted,18
was-swung,18
undertake,18
queried,18
posture,18
distressed,17
scolded,17
cover,17
flying,17
sinking,17
associate,17
out,17
joked,17
rapped,17
banged,17
tray,17
grin,17
was-persuading,17
